HomeTeam,AwayTeam,FTHG,FTAG,FTR,AvgH,AvgD,AvgA,Avg>2.5,Avg<2.5
Liverpool,Norwich,4,1,H,1.14,8.75,19.83,1.41,2.92
West Ham,Man City,0,5,A,11.84,6.28,1.25,1.48,2.65
Bournemouth,Sheffield United,1,1,D,2.01,3.53,3.83,1.9,1.93
Burnley,Southampton,3,0,H,2.68,3.22,2.78,2.12,1.73
Crystal Palace,Everton,0,0,D,3.13,3.27,2.4,2.18,1.7
Watford,Brighton,0,3,A,1.94,3.41,4.26,2.16,1.71
Tottenham,Aston Villa,3,1,H,1.3,5.53,10.51,1.65,2.26
Leicester,Wolves,0,0,D,2.22,3.28,3.48,2.17,1.7
Newcastle,Arsenal,0,1,A,4.49,3.82,1.79,1.77,2.07
Man United,Chelsea,4,0,H,2.19,3.32,3.49,2.01,1.83
Arsenal,Burnley,2,1,H,1.33,5.49,9.48,1.6,2.34
Aston Villa,Bournemouth,1,2,A,2.33,3.49,3.08,1.81,2.03
Brighton,West Ham,1,1,D,2.52,3.33,2.9,1.95,1.87
Everton,Watford,1,0,H,1.73,3.9,4.86,1.79,2.05
Norwich,Newcastle,3,1,H,2.23,3.38,3.38,1.95,1.88
Southampton,Liverpool,1,2,A,6.77,4.67,1.47,1.64,2.28
Man City,Tottenham,2,2,D,1.36,5.32,8.46,1.52,2.55
Sheffield United,Crystal Palace,1,0,H,2.57,3.19,2.95,2.37,1.6
Chelsea,Leicester,1,1,D,1.73,3.77,5.07,1.96,1.86
Wolves,Man United,1,1,D,3.32,3.28,2.3,2.12,1.74
Aston Villa,Everton,2,0,H,3.16,3.5,2.27,1.79,2.05
Norwich,Chelsea,2,3,A,4.18,3.92,1.83,1.56,2.44
Brighton,Southampton,0,2,A,2.43,3.25,3.08,2.1,1.75
Man United,Crystal Palace,1,2,A,1.36,5.06,9.16,1.76,2.09
Sheffield United,Leicester,1,2,A,3.45,3.23,2.26,2.3,1.63
Watford,West Ham,1,3,A,2.13,3.53,3.47,1.73,2.13
Liverpool,Arsenal,3,1,H,1.5,4.76,6.09,1.44,2.79
Bournemouth,Man City,1,3,A,14.52,7.28,1.19,1.37,3.08
Tottenham,Newcastle,0,1,A,1.24,6.26,12.35,1.55,2.47
Wolves,Burnley,1,1,D,1.85,3.43,4.78,2.29,1.63
Southampton,Man United,1,1,D,3.75,3.38,2.1,1.9,1.94
Chelsea,Sheffield United,2,2,D,1.36,4.98,9.53,1.73,2.13
Crystal Palace,Aston Villa,1,0,H,2.21,3.38,3.43,1.97,1.86
Leicester,Bournemouth,3,1,H,1.72,4.02,4.81,1.65,2.26
Man City,Brighton,4,0,H,1.09,11.73,30.92,1.3,3.53
Newcastle,Watford,1,1,D,2.63,3.24,2.86,2.08,1.77
West Ham,Norwich,2,0,H,1.89,3.91,3.92,1.48,2.64
Burnley,Liverpool,0,3,A,9.45,5.43,1.33,1.61,2.33
Everton,Wolves,3,2,H,2.17,3.29,3.65,2.25,1.66
Arsenal,Tottenham,2,2,D,2.38,3.63,2.9,1.57,2.4
Liverpool,Newcastle,3,1,H,1.15,8.27,19.45,1.42,2.89
Brighton,Burnley,1,1,D,2.15,3.34,3.62,2.09,1.76
Man United,Leicester,1,0,H,1.94,3.55,4.12,1.85,1.98
Sheffield United,Southampton,0,1,A,2.46,3.26,3.06,2.18,1.7
Tottenham,Crystal Palace,4,0,H,1.39,5.0,8.24,1.64,2.28
Wolves,Chelsea,2,5,A,2.97,3.36,2.46,1.97,1.86
Norwich,Man City,3,2,H,17.04,9.03,1.15,1.23,4.15
Bournemouth,Everton,3,1,H,3.01,3.48,2.37,1.75,2.1
Watford,Arsenal,2,2,D,3.64,3.74,2.01,1.57,2.41
Aston Villa,West Ham,0,0,D,2.64,3.56,2.63,1.62,2.31
Southampton,Bournemouth,1,3,A,2.1,3.62,3.5,1.69,2.21
Leicester,Tottenham,2,1,H,2.87,3.5,2.45,1.79,2.04
Burnley,Norwich,2,0,H,1.99,3.76,3.67,1.67,2.22
Everton,Sheffield United,0,2,A,1.67,3.8,5.58,2.03,1.81
Man City,Watford,8,0,H,1.11,10.24,23.21,1.25,3.91
Newcastle,Brighton,0,0,D,2.5,3.16,3.07,2.35,1.61
Crystal Palace,Wolves,1,1,D,2.64,3.11,2.93,2.37,1.59
West Ham,Man United,2,0,H,3.24,3.59,2.21,1.69,2.2
Arsenal,Aston Villa,3,2,H,1.42,4.9,7.49,1.45,2.77
Chelsea,Liverpool,1,2,A,3.58,3.69,2.04,1.59,2.37
Sheffield United,Liverpool,0,1,A,8.9,5.17,1.36,1.62,2.32
Aston Villa,Burnley,2,2,D,2.38,3.38,3.08,1.91,1.92
Bournemouth,West Ham,2,2,D,2.48,3.56,2.79,1.57,2.41
Chelsea,Brighton,2,0,H,1.44,4.64,7.64,1.65,2.27
Crystal Palace,Norwich,2,0,H,1.94,3.75,3.88,1.72,2.14
Tottenham,Southampton,2,1,H,1.44,4.67,7.61,1.61,2.35
Wolves,Watford,2,0,H,1.89,3.49,4.46,1.99,1.84
Everton,Man City,1,3,A,9.84,5.86,1.3,1.47,2.69
Leicester,Newcastle,5,0,H,1.53,4.09,7.06,2.08,1.77
Man United,Arsenal,1,1,D,2.36,3.53,2.99,1.63,2.28
Brighton,Tottenham,3,0,H,3.9,3.63,1.96,1.76,2.09
Burnley,Everton,1,0,H,2.93,3.3,2.52,2.12,1.74
Liverpool,Leicester,2,1,H,1.46,4.66,7.0,1.61,2.34
Norwich,Aston Villa,1,5,A,2.41,3.6,2.85,1.57,2.43
Watford,Sheffield United,0,0,D,2.14,3.38,3.58,2.0,1.84
West Ham,Crystal Palace,1,2,A,2.0,3.58,3.8,1.83,2.0
Arsenal,Bournemouth,1,0,H,1.45,4.97,6.68,1.35,3.2
Man City,Wolves,0,2,A,1.13,9.26,21.61,1.38,3.08
Southampton,Chelsea,1,4,A,4.02,3.84,1.87,1.7,2.18
Newcastle,Man United,1,0,H,4.42,3.44,1.9,2.16,1.71
Everton,West Ham,2,0,H,1.97,3.71,3.81,1.72,2.14
Aston Villa,Brighton,2,1,H,2.38,3.43,3.05,1.82,2.01
Bournemouth,Norwich,0,0,D,1.73,4.33,4.35,1.41,2.94
Chelsea,Newcastle,1,0,H,1.31,5.62,10.38,1.59,2.38
Leicester,Burnley,2,1,H,1.57,4.09,6.37,1.94,1.89
Tottenham,Watford,1,1,D,1.42,4.9,7.48,1.53,2.52
Wolves,Southampton,1,1,D,1.85,3.58,4.52,2.09,1.76
Crystal Palace,Man City,0,2,A,11.88,6.72,1.24,1.44,2.81
Man United,Liverpool,1,1,D,5.03,3.96,1.7,1.76,2.08
Sheffield United,Arsenal,1,0,H,3.88,3.79,1.93,1.69,2.19
Southampton,Leicester,0,9,A,3.2,3.34,2.36,2.01,1.83
Man City,Aston Villa,3,0,H,1.09,11.64,28.3,1.21,4.45
Brighton,Everton,3,2,H,2.87,3.3,2.58,2.06,1.78
Watford,Bournemouth,0,0,D,2.19,3.53,3.31,1.69,2.18
West Ham,Sheffield United,1,1,D,2.11,3.46,3.6,1.88,1.95
Burnley,Chelsea,2,4,A,4.53,4.02,1.75,1.66,2.25
Newcastle,Wolves,1,1,D,3.02,3.09,2.59,2.49,1.54
Arsenal,Crystal Palace,2,2,D,1.49,4.63,6.49,1.52,2.53
Liverpool,Tottenham,2,1,H,1.54,4.45,6.11,1.53,2.51
Norwich,Man United,1,3,A,4.36,3.91,1.8,1.67,2.22
Bournemouth,Man United,1,0,H,3.33,3.55,2.19,1.84,1.99
Arsenal,Wolves,1,1,D,1.78,3.8,4.65,1.74,2.12
Aston Villa,Liverpool,1,2,A,8.4,5.37,1.36,1.47,2.71
Brighton,Norwich,2,0,H,1.71,4.17,4.65,1.66,2.25
Man City,Southampton,2,1,H,1.08,11.99,29.72,1.22,4.27
Sheffield United,Burnley,3,0,H,2.26,3.22,3.46,2.33,1.62
West Ham,Newcastle,2,3,A,1.79,3.82,4.55,1.83,2.0
Watford,Chelsea,1,2,A,4.99,4.24,1.65,1.63,2.29
Crystal Palace,Leicester,0,2,A,3.5,3.38,2.17,2.05,1.78
Everton,Tottenham,1,1,D,2.73,3.49,2.57,1.74,2.11
Norwich,Watford,0,2,A,2.68,3.57,2.6,1.69,2.21
Chelsea,Crystal Palace,2,0,H,1.34,5.35,9.29,1.58,2.4
Burnley,West Ham,3,0,H,2.27,3.55,3.13,1.71,2.17
Newcastle,Bournemouth,2,1,H,2.64,3.21,2.84,2.07,1.77
Southampton,Everton,1,2,A,2.96,3.37,2.44,1.94,1.89
Tottenham,Sheffield United,1,1,D,1.58,4.14,6.02,1.79,2.04
Leicester,Arsenal,2,0,H,1.99,3.78,3.62,1.57,2.42
Man United,Brighton,3,1,H,1.67,3.67,5.82,2.02,1.82
Wolves,Aston Villa,2,1,H,1.9,3.6,4.24,1.87,1.96
Liverpool,Man City,3,1,H,2.56,3.58,2.68,1.63,2.3
West Ham,Tottenham,2,3,A,4.32,4.14,1.75,1.55,2.47
Arsenal,Southampton,2,2,D,1.47,4.75,6.55,1.47,2.67
Bournemouth,Wolves,1,2,A,2.82,3.3,2.59,2.02,1.81
Brighton,Leicester,0,2,A,3.69,3.53,2.04,1.89,1.93
Crystal Palace,Liverpool,1,2,A,7.33,4.62,1.45,1.67,2.22
Everton,Norwich,0,2,A,1.4,5.0,7.73,1.55,2.45
Watford,Burnley,0,3,A,2.33,3.31,3.2,2.02,1.81
Man City,Chelsea,2,1,H,1.45,4.96,6.64,1.4,2.92
Sheffield United,Man United,3,3,D,3.55,3.28,2.18,2.18,1.69
Aston Villa,Newcastle,2,0,H,2.11,3.46,3.55,1.92,1.9
Newcastle,Man City,2,2,D,15.11,7.59,1.18,1.44,2.79
Burnley,Crystal Palace,0,2,A,2.31,3.26,3.3,2.22,1.67
Chelsea,West Ham,0,1,A,1.3,5.94,9.63,1.4,2.94
Liverpool,Brighton,2,1,H,1.21,6.85,14.67,1.47,2.7
Tottenham,Bournemouth,3,2,H,1.38,5.19,7.86,1.51,2.57
Southampton,Watford,2,1,H,2.12,3.5,3.51,1.91,1.91
Norwich,Arsenal,2,2,D,4.14,4.22,1.77,1.41,2.89
Wolves,Sheffield United,1,1,D,1.92,3.43,4.35,2.3,1.63
Leicester,Everton,2,1,H,1.64,4.08,5.33,1.81,2.02
Man United,Aston Villa,2,2,D,1.49,4.38,7.08,1.69,2.18
Crystal Palace,Bournemouth,1,0,H,2.24,3.38,3.34,2.03,1.8
Burnley,Man City,1,4,A,11.59,6.41,1.25,1.48,2.68
Chelsea,Aston Villa,2,1,H,1.3,5.85,9.89,1.42,2.86
Leicester,Watford,2,0,H,1.36,5.13,8.81,1.63,2.3
Man United,Tottenham,2,1,H,2.69,3.47,2.61,1.8,2.03
Southampton,Norwich,2,1,H,1.78,3.99,4.35,1.59,2.37
Wolves,West Ham,2,0,H,1.77,3.73,4.74,1.89,1.93
Liverpool,Everton,5,2,H,1.39,4.99,8.28,1.58,2.38
Sheffield United,Newcastle,0,2,A,1.86,3.45,4.62,2.33,1.61
Arsenal,Brighton,1,2,A,1.61,4.23,5.41,1.54,2.5
Everton,Chelsea,3,1,H,3.52,3.8,2.02,1.69,2.18
Bournemouth,Liverpool,0,3,A,7.01,5.03,1.42,1.5,2.59
Tottenham,Burnley,5,0,H,1.41,4.82,7.98,1.59,2.35
Watford,Crystal Palace,0,0,D,2.37,3.34,3.12,2.05,1.78
Man City,Man United,1,2,A,1.31,5.67,9.9,1.49,2.63
Aston Villa,Leicester,1,4,A,4.27,3.88,1.82,1.62,2.31
Newcastle,Southampton,2,1,H,2.59,3.23,2.87,2.12,1.73
Norwich,Sheffield United,1,2,A,2.98,3.45,2.4,1.84,1.99
Brighton,Wolves,2,2,D,2.69,3.16,2.81,2.29,1.63
West Ham,Arsenal,1,3,A,3.43,4.02,1.98,1.44,2.78
Liverpool,Watford,2,0,H,1.17,7.72,16.32,1.39,3.01
Burnley,Newcastle,1,0,H,1.96,3.5,4.07,2.11,1.74
Chelsea,Bournemouth,0,1,A,1.25,6.48,11.64,1.4,2.94
Leicester,Norwich,1,1,D,1.22,6.73,13.29,1.43,2.83
Sheffield United,Aston Villa,2,0,H,1.86,3.75,4.17,1.81,2.02
Southampton,West Ham,0,1,A,1.92,3.86,3.83,1.61,2.33
Man United,Everton,1,1,D,1.78,3.71,4.76,1.8,2.03
Wolves,Tottenham,1,2,A,3.22,3.45,2.26,1.9,1.92
Arsenal,Man City,0,3,A,6.03,5.33,1.45,1.32,3.32
Crystal Palace,Brighton,1,1,D,2.55,3.22,2.91,2.18,1.69
Everton,Arsenal,0,0,D,2.33,3.75,2.9,1.57,2.4
Aston Villa,Southampton,1,3,A,2.43,3.54,2.87,1.62,2.31
Bournemouth,Burnley,0,1,A,2.43,3.38,2.97,1.92,1.9
Brighton,Sheffield United,0,1,A,2.21,3.27,3.52,2.11,1.73
Newcastle,Crystal Palace,1,0,H,2.43,3.11,3.22,2.44,1.56
Norwich,Wolves,1,2,A,3.71,3.75,1.97,1.79,2.04
Man City,Leicester,3,1,H,1.37,5.41,7.72,1.42,2.86
Watford,Man United,2,0,H,4.39,3.89,1.8,1.85,1.97
Tottenham,Chelsea,0,2,A,2.37,3.65,2.88,1.59,2.37
Tottenham,Brighton,2,1,H,1.55,4.41,5.73,1.6,2.35
Aston Villa,Norwich,1,0,H,2.11,3.77,3.28,1.52,2.51
Bournemouth,Arsenal,1,1,D,3.5,3.85,2.01,1.55,2.43
Chelsea,Southampton,0,2,A,1.35,5.31,8.58,1.49,2.62
Crystal Palace,West Ham,2,1,H,2.32,3.42,3.12,1.9,1.92
Everton,Burnley,1,0,H,1.71,3.76,5.15,1.93,1.89
Sheffield United,Watford,1,1,D,1.86,3.54,4.46,2.11,1.74
Man United,Newcastle,4,1,H,1.35,5.19,9.18,1.72,2.13
Leicester,Liverpool,0,4,A,3.38,3.72,2.08,1.64,2.27
Wolves,Man City,3,2,H,7.73,4.95,1.4,1.56,2.41
Brighton,Bournemouth,2,0,H,1.79,3.85,4.43,1.92,1.91
Newcastle,Everton,1,2,A,3.55,3.4,2.14,2.06,1.77
Southampton,Crystal Palace,1,1,D,1.98,3.57,3.91,2.04,1.78
Watford,Aston Villa,3,0,H,1.99,3.77,3.65,1.7,2.18
Norwich,Tottenham,2,2,D,4.93,4.07,1.69,1.6,2.35
West Ham,Leicester,1,2,A,4.03,3.87,1.86,1.61,2.32
Burnley,Man United,0,2,A,4.31,3.7,1.85,1.95,1.87
Arsenal,Chelsea,1,2,A,2.86,3.73,2.35,1.53,2.48
Liverpool,Wolves,1,0,H,1.28,5.84,10.92,1.55,2.43
Man City,Sheffield United,2,0,H,1.18,7.62,14.91,1.38,3.0
Brighton,Chelsea,1,1,D,3.7,3.64,2.01,1.7,2.15
Burnley,Aston Villa,1,2,A,1.81,3.81,4.37,1.87,1.94
Newcastle,Leicester,0,3,A,5.26,3.9,1.67,1.94,1.87
Southampton,Tottenham,1,0,H,3.34,3.54,2.16,1.66,2.23
Watford,Wolves,2,1,H,3.16,3.37,2.32,2.0,1.82
Man City,Everton,2,1,H,1.27,6.19,10.49,1.37,3.09
Norwich,Crystal Palace,1,1,D,2.53,3.46,2.77,1.88,1.94
West Ham,Bournemouth,4,0,H,1.95,3.84,3.68,1.67,2.22
Arsenal,Man United,2,0,H,2.58,3.64,2.61,1.64,2.26
Monaco,Lyon,0,3,A,2.89,3.4,2.43,1.9,1.9
Marseille,Reims,0,2,A,1.65,3.71,5.67,2.07,1.76
Angers,Bordeaux,3,1,H,2.35,3.14,3.24,2.42,1.56
Brest,Toulouse,1,1,D,2.38,3.23,3.09,2.14,1.71
Dijon,St Etienne,1,2,A,3.57,3.34,2.11,2.05,1.77
Montpellier,Rennes,0,1,A,2.3,3.18,3.3,2.28,1.62
Nice,Amiens,2,1,H,2.18,2.98,3.87,2.56,1.5
Lille,Nantes,2,1,H,1.95,3.19,4.43,2.35,1.58
Strasbourg,Metz,1,1,D,2.05,3.23,3.9,2.29,1.61
Paris SG,Nimes,3,0,H,1.1,9.77,23.32,1.31,3.4
Lyon,Angers,6,0,H,1.5,4.45,6.4,1.6,2.34
Nantes,Marseille,0,0,D,2.58,3.16,2.88,2.11,1.73
Amiens,Lille,1,0,H,3.25,3.09,2.38,2.52,1.52
Bordeaux,Montpellier,1,1,D,2.7,2.98,2.9,2.52,1.52
Metz,Monaco,3,0,H,2.98,3.1,2.55,2.4,1.56
Nimes,Nice,1,2,A,2.16,3.33,3.46,2.07,1.76
Toulouse,Dijon,1,0,H,2.0,3.42,3.87,2.09,1.75
St Etienne,Brest,1,1,D,1.63,3.9,5.49,1.81,2.0
Reims,Strasbourg,0,0,D,2.04,3.22,4.0,2.42,1.56
Rennes,Paris SG,2,1,H,7.83,5.35,1.36,1.42,2.8
Amiens,Nantes,1,2,A,2.7,3.0,2.86,2.66,1.47
Angers,Metz,3,0,H,2.12,3.18,3.78,2.38,1.58
Brest,Reims,1,0,H,2.67,3.05,2.85,2.38,1.58
Dijon,Bordeaux,0,2,A,2.64,3.21,2.76,2.24,1.65
Monaco,Nimes,2,2,D,1.62,4.0,5.42,1.84,1.97
Strasbourg,Rennes,0,2,A,2.67,3.1,2.81,2.31,1.62
Paris SG,Toulouse,4,0,H,1.1,10.12,22.7,1.24,3.93
Montpellier,Lyon,1,0,H,3.56,3.47,2.07,1.89,1.91
Lille,St Etienne,3,0,H,2.24,3.35,3.25,1.97,1.83
Nice,Marseille,1,2,A,3.0,3.22,2.44,2.09,1.73
Metz,Paris SG,0,2,A,7.6,4.65,1.43,1.75,2.09
Lyon,Bordeaux,1,1,D,1.39,4.88,8.01,1.6,2.33
Angers,Dijon,2,0,H,1.71,3.74,5.04,2.1,1.74
Nantes,Montpellier,1,0,H,2.23,3.1,3.57,2.38,1.58
Nimes,Brest,3,0,H,2.08,3.32,3.71,1.91,1.9
Toulouse,Amiens,2,0,H,2.14,3.15,3.75,2.45,1.55
Reims,Lille,2,0,H,2.88,2.98,2.71,2.64,1.48
Rennes,Nice,1,2,A,1.71,3.56,5.42,2.31,1.61
Strasbourg,Monaco,2,2,D,2.64,3.21,2.77,2.15,1.7
Marseille,St Etienne,1,0,H,1.99,3.5,3.82,1.91,1.9
Lille,Angers,2,1,H,1.96,3.3,4.27,2.2,1.67
Amiens,Lyon,2,2,D,5.07,3.74,1.71,1.93,1.88
Paris SG,Strasbourg,1,0,H,1.2,7.14,13.3,1.46,2.7
Bordeaux,Metz,2,0,H,1.85,3.37,4.71,2.51,1.53
Brest,Rennes,0,0,D,3.2,3.21,2.34,2.09,1.75
Dijon,Nimes,0,0,D,2.72,3.35,2.6,1.92,1.89
Montpellier,Nice,2,1,H,1.94,3.28,4.37,2.43,1.56
Nantes,Reims,1,0,H,2.16,3.0,3.91,2.63,1.49
St Etienne,Toulouse,2,2,D,1.65,3.93,5.21,1.87,1.94
Monaco,Marseille,3,4,A,2.41,3.53,2.83,1.86,1.95
Strasbourg,Nantes,2,1,H,2.56,3.02,3.05,2.55,1.51
Marseille,Montpellier,1,1,D,1.98,3.27,4.14,2.13,1.72
Bordeaux,Brest,2,2,D,1.77,3.48,5.03,2.17,1.69
Metz,Amiens,1,2,A,2.09,3.08,4.04,2.65,1.48
Nice,Dijon,2,1,H,1.75,3.64,4.91,2.07,1.76
Nimes,Toulouse,1,0,H,2.03,3.45,3.73,1.92,1.89
Reims,Monaco,0,0,D,2.6,3.18,2.84,2.23,1.66
Rennes,Lille,1,1,D,2.51,3.09,3.03,2.3,1.62
Angers,St Etienne,4,1,H,2.16,3.28,3.55,2.06,1.77
Lyon,Paris SG,0,1,A,3.79,4.06,1.85,1.42,2.85
Dijon,Marseille,0,0,D,3.61,3.4,2.09,2.02,1.81
Monaco,Nice,3,1,H,1.98,3.54,3.83,1.85,1.96
Amiens,Bordeaux,1,3,A,2.51,3.0,3.12,2.67,1.48
Brest,Lyon,2,2,D,4.57,3.86,1.74,1.8,2.02
Lille,Strasbourg,2,0,H,1.81,3.45,4.75,2.22,1.67
Montpellier,Nimes,1,0,H,1.89,3.52,4.18,2.09,1.75
Nantes,Rennes,1,0,H,2.29,3.13,3.38,2.37,1.59
St Etienne,Metz,0,1,A,1.79,3.59,4.67,2.04,1.79
Toulouse,Angers,0,2,A,2.68,3.21,2.73,2.13,1.72
Paris SG,Reims,0,2,A,1.16,7.76,16.93,1.36,3.12
Lyon,Nantes,0,1,A,1.56,4.0,6.21,1.9,1.91
Bordeaux,Paris SG,0,1,A,5.96,4.57,1.51,1.61,2.31
Angers,Amiens,1,1,D,1.73,3.46,5.48,2.28,1.62
Metz,Toulouse,2,2,D,2.12,3.25,3.69,2.2,1.67
Monaco,Brest,4,1,H,1.51,4.32,6.34,1.66,2.22
Nice,Lille,1,1,D,2.88,3.19,2.55,2.11,1.73
Reims,Dijon,1,2,A,1.77,3.42,5.2,2.31,1.61
Strasbourg,Montpellier,1,0,H,2.47,3.07,3.12,2.44,1.56
Nimes,St Etienne,0,1,A,2.32,3.39,3.07,1.87,1.94
Marseille,Rennes,1,1,D,1.97,3.46,3.94,2.06,1.77
Amiens,Marseille,3,1,H,3.3,3.23,2.3,2.3,1.62
Paris SG,Angers,4,0,H,1.2,7.2,13.01,1.36,3.1
Brest,Metz,2,0,H,2.46,3.24,2.97,2.18,1.69
Dijon,Strasbourg,1,0,H,2.7,3.09,2.79,2.28,1.63
Montpellier,Monaco,3,1,H,2.89,3.28,2.49,1.91,1.9
Nantes,Nice,1,0,H,2.0,3.37,3.93,2.19,1.68
Toulouse,Bordeaux,1,3,A,2.55,3.11,2.95,2.18,1.69
Lille,Nimes,2,2,D,1.64,3.9,5.41,1.78,2.05
Rennes,Reims,0,1,A,2.16,3.18,3.66,2.43,1.55
St Etienne,Lyon,1,0,H,3.35,3.67,2.08,1.55,2.44
Nice,Paris SG,1,4,A,7.68,4.57,1.43,1.67,2.21
Lyon,Dijon,0,0,D,1.36,5.26,8.23,1.51,2.53
Angers,Brest,0,1,A,1.63,3.69,6.03,2.05,1.78
Metz,Nantes,1,0,H,2.73,3.03,2.83,2.63,1.49
Nimes,Amiens,1,1,D,2.04,3.34,3.85,2.07,1.76
Reims,Montpellier,1,0,H,2.2,2.97,3.85,2.64,1.48
Toulouse,Lille,2,1,H,3.47,3.31,2.18,2.04,1.78
Bordeaux,St Etienne,0,1,A,2.28,3.23,3.31,2.28,1.63
Monaco,Rennes,3,2,H,1.81,3.72,4.42,1.89,1.91
Marseille,Strasbourg,2,0,H,1.85,3.44,4.6,2.09,1.74
Nantes,Monaco,0,1,A,2.91,3.21,2.56,2.04,1.79
Lille,Bordeaux,3,0,H,1.81,3.59,4.54,2.08,1.75
Brest,Dijon,2,0,H,2.34,3.19,3.21,2.22,1.66
Lyon,Metz,2,0,H,1.44,4.47,7.55,1.78,2.04
Montpellier,Angers,0,0,D,2.26,3.12,3.45,2.35,1.6
Reims,Nimes,0,0,D,1.84,3.38,4.69,2.24,1.65
Strasbourg,Nice,1,0,H,1.98,3.24,4.23,2.24,1.65
Rennes,Toulouse,3,2,H,1.96,3.28,4.23,2.15,1.7
St Etienne,Amiens,2,2,D,1.86,3.51,4.38,2.05,1.78
Paris SG,Marseille,4,0,H,1.23,6.56,11.49,1.4,2.93
Dijon,Paris SG,2,1,H,13.83,7.15,1.2,1.38,3.01
Marseille,Lille,2,1,H,2.26,3.26,3.33,2.07,1.76
Amiens,Brest,1,0,H,1.76,3.76,4.64,1.96,1.85
Angers,Strasbourg,1,0,H,2.06,3.13,4.08,2.4,1.57
Metz,Montpellier,2,2,D,2.7,3.08,2.81,2.44,1.55
Toulouse,Lyon,2,3,A,4.42,3.77,1.79,1.72,2.13
Bordeaux,Nantes,2,0,H,2.33,3.02,3.46,2.75,1.45
Nice,Reims,2,0,H,2.63,3.05,2.9,2.5,1.53
St Etienne,Monaco,1,0,H,2.83,3.49,2.43,1.72,2.13
Nice,Bordeaux,1,1,D,2.43,3.07,3.2,2.41,1.57
Brest,Paris SG,1,2,A,12.04,6.87,1.22,1.43,2.81
Lille,Metz,0,0,D,1.59,3.94,5.98,2.14,1.71
Monaco,Dijon,1,0,H,1.41,4.78,7.43,1.57,2.4
Reims,Angers,0,0,D,2.29,3.0,3.56,2.69,1.46
Strasbourg,Nimes,4,1,H,1.89,3.36,4.46,2.22,1.66
Rennes,Amiens,3,1,H,2.14,3.27,3.59,2.21,1.67
Montpellier,Toulouse,3,0,H,1.78,3.55,4.77,2.1,1.74
Nantes,St Etienne,2,3,A,2.12,3.16,3.81,2.43,1.56
Marseille,Lyon,2,1,H,2.62,3.39,2.65,1.84,1.98
Paris SG,Lille,2,0,H,1.27,5.92,10.59,1.45,2.69
Lyon,Nice,2,1,H,1.45,4.48,7.03,1.71,2.15
Amiens,Strasbourg,0,4,A,2.47,3.02,3.15,2.36,1.59
Angers,Nimes,1,0,H,1.7,3.68,5.2,2.06,1.77
Brest,Nantes,1,1,D,2.88,3.11,2.59,2.26,1.64
Dijon,Rennes,2,1,H,2.85,3.27,2.52,2.12,1.72
Metz,Reims,1,1,D,2.8,2.9,2.84,2.79,1.44
Bordeaux,Monaco,2,1,H,3.28,3.48,2.17,1.87,1.94
St Etienne,Montpellier,0,0,D,2.33,3.21,3.19,2.28,1.63
Toulouse,Marseille,0,2,A,3.17,3.42,2.23,1.99,1.82
Marseille,Brest,2,1,H,1.41,4.6,8.21,1.81,2.01
Strasbourg,Lyon,1,2,A,2.76,3.23,2.62,2.0,1.82
Lille,Dijon,1,0,H,1.51,4.12,6.82,1.95,1.87
Montpellier,Amiens,4,2,H,1.78,3.46,4.85,2.28,1.62
Nice,Angers,3,1,H,2.59,3.03,2.95,2.41,1.56
Nimes,Metz,1,1,D,2.01,3.3,3.95,2.26,1.64
Reims,Bordeaux,1,1,D,2.04,3.09,4.19,2.74,1.45
Nantes,Toulouse,2,1,H,1.8,3.49,4.75,2.08,1.75
Rennes,St Etienne,2,1,H,1.98,3.34,4.03,2.18,1.69
Angers,Marseille,0,2,A,2.92,3.24,2.51,2.12,1.73
Bordeaux,Nimes,6,0,H,1.92,3.34,4.38,2.26,1.64
Brest,Strasbourg,5,0,H,3.4,3.18,2.27,2.3,1.62
Lyon,Lille,0,1,A,2.0,3.49,3.81,1.9,1.91
Dijon,Montpellier,2,2,D,3.08,3.08,2.47,2.46,1.54
Metz,Rennes,0,1,A,3.01,3.06,2.54,2.54,1.52
St Etienne,Nice,4,1,H,2.36,3.29,3.07,2.13,1.72
Toulouse,Monaco,1,2,A,3.86,3.8,1.88,1.69,2.18
Paris SG,Nantes,2,0,H,1.15,7.69,18.03,1.46,2.69
Lille,Brest,1,0,H,1.37,4.87,8.67,1.79,2.04
Nimes,Lyon,0,4,A,4.41,4.0,1.75,1.73,2.1
Montpellier,Paris SG,1,3,A,6.57,4.55,1.47,1.59,2.33
Monaco,Amiens,3,0,H,1.45,4.63,6.82,1.63,2.27
Nice,Metz,4,1,H,1.79,3.51,4.79,2.06,1.76
Rennes,Angers,2,1,H,2.11,3.21,3.75,2.21,1.67
Strasbourg,Toulouse,4,2,H,1.7,3.87,4.89,1.9,1.9
Reims,St Etienne,3,1,H,1.99,3.26,4.1,2.48,1.54
Nantes,Dijon,1,0,H,1.8,3.67,4.48,2.09,1.74
Marseille,Bordeaux,3,1,H,1.61,4.1,5.37,1.9,1.9
Lille,Montpellier,2,1,H,1.76,3.56,5.03,2.21,1.67
Metz,Marseille,1,1,D,4.53,3.68,1.79,2.1,1.73
Amiens,Dijon,1,1,D,2.03,3.33,3.88,2.15,1.7
Angers,Monaco,0,0,D,3.15,3.44,2.26,1.76,2.06
Brest,Nice,0,0,D,2.66,3.29,2.68,1.92,1.88
Nimes,Nantes,0,1,A,3.28,3.16,2.32,2.34,1.59
Toulouse,Reims,0,1,A,3.19,3.17,2.37,2.3,1.61
Bordeaux,Strasbourg,0,1,A,2.25,3.17,3.41,2.32,1.6
Lyon,Rennes,0,1,A,1.69,3.84,4.99,1.84,1.97
St Etienne,Paris SG,0,4,A,7.59,5.15,1.37,1.53,2.48
Dijon,Metz,2,2,D,2.12,3.18,3.76,2.44,1.55
Marseille,Nimes,3,1,H,1.28,5.69,10.19,1.63,2.27
Monaco,Lille,5,1,H,2.1,3.52,3.4,1.86,1.95
Montpellier,Brest,4,0,H,1.56,3.91,6.36,2.01,1.8
Nantes,Angers,1,2,A,2.12,3.09,3.86,2.51,1.52
Nice,Toulouse,3,0,H,1.67,4.01,4.84,1.77,2.05
Paris SG,Amiens,4,1,H,1.07,11.65,28.83,1.22,4.09
Reims,Lyon,1,1,D,2.82,3.02,2.71,2.36,1.58
Rennes,Bordeaux,1,0,H,2.03,3.27,3.93,2.31,1.61
Strasbourg,St Etienne,2,1,H,2.08,3.26,3.76,2.24,1.64
Bayern Munich,Hertha,2,2,D,1.18,7.55,15.04,1.34,3.24
Dortmund,Augsburg,5,1,H,1.22,6.62,13.38,1.43,2.79
Freiburg,Mainz,3,0,H,2.2,3.37,3.36,1.93,1.88
Leverkusen,Paderborn,3,2,H,1.28,5.97,10.27,1.38,3.03
Werder Bremen,Fortuna Dusseldorf,1,3,A,1.74,3.93,4.57,1.67,2.21
Wolfsburg,FC Koln,2,1,H,1.91,3.74,3.91,1.67,2.21
M'gladbach,Schalke 04,0,0,D,2.06,3.49,3.6,1.78,2.04
Ein Frankfurt,Hoffenheim,1,0,H,2.32,3.65,2.92,1.54,2.46
Union Berlin,RB Leipzig,0,4,A,4.63,4.02,1.72,1.71,2.13
FC Koln,Dortmund,1,3,A,6.18,4.74,1.48,1.45,2.73
Augsburg,Union Berlin,1,1,D,2.24,3.32,3.31,1.95,1.86
Fortuna Dusseldorf,Leverkusen,1,3,A,4.36,4.2,1.72,1.46,2.69
Hoffenheim,Werder Bremen,3,2,H,1.88,3.92,3.83,1.49,2.62
Mainz,M'gladbach,1,3,A,2.86,3.42,2.46,1.8,2.03
Paderborn,Freiburg,1,3,A,2.38,3.6,2.84,1.61,2.31
Schalke 04,Bayern Munich,0,3,A,8.12,4.93,1.38,1.59,2.35
RB Leipzig,Ein Frankfurt,2,1,H,1.49,4.63,6.06,1.5,2.59
Hertha,Wolfsburg,0,3,A,2.42,3.46,2.87,1.75,2.09
M'gladbach,RB Leipzig,1,3,A,3.28,3.76,2.11,1.6,2.35
Bayern Munich,Mainz,6,1,H,1.09,11.05,28.84,1.24,3.93
Freiburg,FC Koln,1,2,A,2.45,3.45,2.87,1.73,2.11
Leverkusen,Hoffenheim,0,0,D,1.55,4.88,5.08,1.35,3.17
Schalke 04,Hertha,3,0,H,2.12,3.45,3.51,1.83,1.98
Wolfsburg,Paderborn,1,1,D,1.46,4.85,6.46,1.39,2.96
Union Berlin,Dortmund,3,1,H,8.99,5.56,1.32,1.46,2.7
Werder Bremen,Augsburg,3,2,H,1.7,4.03,4.77,1.59,2.36
Ein Frankfurt,Fortuna Dusseldorf,2,1,H,1.69,4.08,4.77,1.55,2.43
Fortuna Dusseldorf,Wolfsburg,1,1,D,3.03,3.62,2.28,1.65,2.24
Augsburg,Ein Frankfurt,2,1,H,3.48,3.69,2.05,1.61,2.32
Dortmund,Leverkusen,4,0,H,1.82,4.01,4.04,1.43,2.81
FC Koln,M'gladbach,0,1,A,2.57,3.53,2.66,1.65,2.24
Mainz,Hertha,2,1,H,2.38,3.44,2.98,1.78,2.05
Union Berlin,Werder Bremen,1,2,A,2.79,3.5,2.48,1.67,2.21
RB Leipzig,Bayern Munich,1,1,D,3.78,4.04,1.87,1.47,2.68
Hoffenheim,Freiburg,0,3,A,1.69,4.2,4.6,1.55,2.45
Paderborn,Schalke 04,1,5,A,3.04,3.64,2.26,1.54,2.45
Schalke 04,Mainz,2,1,H,1.66,4.07,5.11,1.67,2.22
Bayern Munich,FC Koln,4,0,H,1.12,9.25,21.04,1.25,3.83
Freiburg,Augsburg,1,1,D,1.9,3.77,3.92,1.67,2.21
Hertha,Paderborn,2,1,H,1.73,4.02,4.54,1.48,2.64
Leverkusen,Union Berlin,2,0,H,1.36,5.31,7.82,1.44,2.74
Werder Bremen,RB Leipzig,0,3,A,4.19,4.25,1.75,1.46,2.69
M'gladbach,Fortuna Dusseldorf,2,1,H,1.69,4.09,4.77,1.54,2.46
Ein Frankfurt,Dortmund,2,2,D,4.29,4.22,1.74,1.46,2.7
Wolfsburg,Hoffenheim,1,1,D,1.95,3.81,3.7,1.53,2.48
Union Berlin,Ein Frankfurt,1,2,A,2.99,3.64,2.3,1.58,2.39
Augsburg,Leverkusen,0,3,A,4.71,4.52,1.63,1.39,2.99
Hoffenheim,M'gladbach,0,3,A,2.43,3.61,2.79,1.58,2.38
Mainz,Wolfsburg,0,1,A,2.89,3.52,2.4,1.73,2.1
Paderborn,Bayern Munich,2,3,A,15.89,9.07,1.14,1.19,4.65
RB Leipzig,Schalke 04,1,3,A,1.56,4.41,5.57,1.5,2.56
Dortmund,Werder Bremen,2,2,D,1.27,6.3,10.09,1.32,3.36
Fortuna Dusseldorf,Freiburg,1,2,A,2.44,3.58,2.78,1.64,2.26
FC Koln,Hertha,0,4,A,2.15,3.66,3.23,1.61,2.32
Hertha,Fortuna Dusseldorf,3,1,H,1.68,4.09,4.88,1.6,2.35
Bayern Munich,Hoffenheim,1,2,A,1.11,10.03,23.32,1.21,4.31
Freiburg,Dortmund,2,2,D,5.3,4.32,1.59,1.45,2.72
Leverkusen,RB Leipzig,1,1,D,2.33,3.73,2.86,1.51,2.56
Paderborn,Mainz,1,2,A,2.49,3.75,2.64,1.44,2.76
Schalke 04,FC Koln,1,1,D,1.64,4.15,5.08,1.59,2.35
M'gladbach,Augsburg,5,1,H,1.53,4.53,5.75,1.5,2.59
Wolfsburg,Union Berlin,1,0,H,1.67,3.89,5.22,1.71,2.15
Ein Frankfurt,Werder Bremen,2,2,D,2.17,3.65,3.18,1.49,2.59
Ein Frankfurt,Leverkusen,3,0,H,2.85,3.79,2.32,1.52,2.52
Augsburg,Bayern Munich,2,2,D,16.44,8.18,1.16,1.28,3.64
Fortuna Dusseldorf,Mainz,1,0,H,2.57,3.55,2.65,1.66,2.22
RB Leipzig,Wolfsburg,1,1,D,1.54,4.35,5.9,1.61,2.32
Union Berlin,Freiburg,2,0,H,2.58,3.45,2.69,1.85,1.97
Werder Bremen,Hertha,1,1,D,2.14,3.68,3.25,1.52,2.51
Dortmund,M'gladbach,1,0,H,1.47,4.83,6.25,1.37,3.07
FC Koln,Paderborn,3,0,H,1.68,4.36,4.5,1.38,3.02
Hoffenheim,Schalke 04,2,0,H,2.69,3.52,2.55,1.71,2.15
Mainz,FC Koln,3,1,H,2.55,3.54,2.7,1.58,2.39
Bayern Munich,Union Berlin,2,1,H,1.11,10.24,20.85,1.2,4.43
Freiburg,RB Leipzig,2,1,H,3.96,3.74,1.9,1.63,2.27
Hertha,Hoffenheim,2,3,A,2.1,3.66,3.37,1.62,2.31
Paderborn,Fortuna Dusseldorf,2,0,H,2.38,3.85,2.73,1.39,2.97
Schalke 04,Dortmund,0,0,D,3.07,3.51,2.29,1.69,2.18
Leverkusen,Werder Bremen,2,2,D,1.62,4.29,5.1,1.43,2.78
Wolfsburg,Augsburg,0,0,D,1.59,4.19,5.6,1.62,2.29
M'gladbach,Ein Frankfurt,4,2,H,1.91,3.93,3.69,1.5,2.58
Hoffenheim,Paderborn,3,0,H,1.44,4.94,6.59,1.31,3.42
Dortmund,Wolfsburg,3,0,H,1.53,4.25,6.31,1.64,2.28
Ein Frankfurt,Bayern Munich,5,1,H,6.7,5.19,1.42,1.31,3.39
Leverkusen,M'gladbach,1,2,A,2.0,3.82,3.5,1.5,2.57
RB Leipzig,Mainz,8,0,H,1.35,5.32,8.32,1.42,2.87
Werder Bremen,Freiburg,2,2,D,1.95,3.73,3.74,1.65,2.25
Union Berlin,Hertha,1,0,H,2.81,3.34,2.53,1.9,1.91
Fortuna Dusseldorf,FC Koln,2,0,H,2.72,3.63,2.46,1.57,2.4
Augsburg,Schalke 04,2,3,A,3.75,3.79,1.93,1.71,2.14
FC Koln,Hoffenheim,1,2,A,2.58,3.59,2.64,1.61,2.33
Hertha,RB Leipzig,2,4,A,4.06,3.88,1.84,1.59,2.36
Mainz,Union Berlin,2,3,A,2.2,3.39,3.36,1.85,1.97
Paderborn,Augsburg,0,1,A,2.59,3.75,2.54,1.44,2.77
Schalke 04,Fortuna Dusseldorf,3,3,D,1.52,4.31,6.29,1.71,2.15
Bayern Munich,Dortmund,4,0,H,1.56,4.57,5.32,1.41,2.87
M'gladbach,Werder Bremen,3,1,H,1.73,4.12,4.35,1.5,2.56
Wolfsburg,Leverkusen,0,2,A,2.96,3.47,2.36,1.78,2.04
Freiburg,Ein Frankfurt,1,0,H,2.74,3.54,2.48,1.66,2.23
Dortmund,Paderborn,3,3,D,1.15,8.57,16.15,1.22,4.19
Ein Frankfurt,Wolfsburg,0,2,A,2.02,3.67,3.55,1.65,2.25
Fortuna Dusseldorf,Bayern Munich,0,4,A,13.56,7.57,1.19,1.29,3.5
Leverkusen,Freiburg,1,1,D,1.5,4.57,6.15,1.53,2.48
Union Berlin,M'gladbach,2,0,H,3.4,3.63,2.09,1.69,2.17
Werder Bremen,Schalke 04,1,2,A,2.45,3.62,2.74,1.59,2.36
RB Leipzig,FC Koln,4,1,H,1.35,5.46,8.08,1.39,2.97
Augsburg,Hertha,4,0,H,2.59,3.53,2.61,1.68,2.18
Hoffenheim,Mainz,1,5,A,1.66,4.07,4.88,1.53,2.46
Schalke 04,Union Berlin,2,1,H,1.71,3.87,4.93,1.76,2.07
FC Koln,Augsburg,1,1,D,1.92,3.76,3.82,1.64,2.26
Hertha,Dortmund,1,2,A,4.1,3.9,1.83,1.61,2.32
Hoffenheim,Fortuna Dusseldorf,1,1,D,1.7,3.97,4.79,1.6,2.32
Paderborn,RB Leipzig,2,3,A,7.46,5.46,1.37,1.33,3.29
Bayern Munich,Leverkusen,1,2,A,1.29,6.04,9.37,1.31,3.4
M'gladbach,Freiburg,4,2,H,1.56,4.41,5.44,1.55,2.42
Wolfsburg,Werder Bremen,2,3,A,2.17,3.64,3.17,1.7,2.16
Mainz,Ein Frankfurt,2,1,H,2.81,3.59,2.4,1.57,2.37
Ein Frankfurt,Hertha,2,2,D,1.83,3.91,4.11,1.59,2.37
Augsburg,Mainz,2,1,H,2.28,3.62,2.99,1.62,2.3
Dortmund,Fortuna Dusseldorf,5,0,H,1.3,5.75,9.24,1.41,2.88
Freiburg,Wolfsburg,1,0,H,2.88,3.36,2.46,1.88,1.93
M'gladbach,Bayern Munich,2,1,H,5.24,4.61,1.56,1.35,3.15
RB Leipzig,Hoffenheim,3,1,H,1.44,4.98,6.48,1.42,2.82
Leverkusen,Schalke 04,2,1,H,1.94,3.66,3.85,1.72,2.13
Union Berlin,FC Koln,2,0,H,2.18,3.47,3.29,1.81,2.0
Werder Bremen,Paderborn,0,1,A,1.53,4.63,5.49,1.33,3.29
Hoffenheim,Augsburg,2,4,A,1.84,3.98,4.02,1.56,2.42
Bayern Munich,Werder Bremen,6,1,H,1.15,8.74,16.7,1.22,4.16
FC Koln,Leverkusen,2,0,H,4.13,3.9,1.83,1.59,2.35
Hertha,Freiburg,1,0,H,2.03,3.63,3.59,1.79,2.04
Mainz,Dortmund,0,4,A,4.95,4.19,1.65,1.46,2.7
Paderborn,Union Berlin,1,1,D,2.8,3.58,2.43,1.64,2.26
Fortuna Dusseldorf,RB Leipzig,0,3,A,6.52,4.93,1.44,1.46,2.7
Wolfsburg,M'gladbach,2,1,H,2.6,3.41,2.68,1.74,2.09
Schalke 04,Ein Frankfurt,1,0,H,1.96,3.79,3.61,1.66,2.22
Werder Bremen,Mainz,0,5,A,1.82,4.0,4.08,1.43,2.8
Augsburg,Fortuna Dusseldorf,3,0,H,1.78,4.04,4.21,1.65,2.25
Dortmund,RB Leipzig,3,3,D,2.19,3.76,3.11,1.44,2.76
Union Berlin,Hoffenheim,0,2,A,2.44,3.48,2.86,1.79,2.03
Leverkusen,Hertha,0,1,A,1.54,4.33,5.97,1.51,2.53
Ein Frankfurt,FC Koln,2,4,A,1.75,3.85,4.59,1.58,2.37
Freiburg,Bayern Munich,1,3,A,11.08,6.88,1.23,1.28,3.6
M'gladbach,Paderborn,2,0,H,1.3,5.89,8.74,1.28,3.63
Wolfsburg,Schalke 04,1,1,D,2.38,3.33,3.04,1.99,1.82
Hoffenheim,Dortmund,2,1,H,3.76,3.94,1.9,1.46,2.69
Bayern Munich,Wolfsburg,2,0,H,1.16,7.96,16.49,1.31,3.39
FC Koln,Werder Bremen,1,0,H,2.08,3.74,3.32,1.55,2.42
Mainz,Leverkusen,0,1,A,3.86,3.99,1.86,1.47,2.65
RB Leipzig,Augsburg,3,1,H,1.26,6.17,10.65,1.33,3.27
Schalke 04,Freiburg,2,2,D,1.68,3.91,5.06,1.69,2.17
Hertha,M'gladbach,0,0,D,3.1,3.6,2.22,1.62,2.28
Fortuna Dusseldorf,Union Berlin,2,1,H,2.77,3.28,2.6,1.94,1.86
Paderborn,Ein Frankfurt,2,1,H,3.47,3.88,1.99,1.43,2.77
Parma,Juventus,0,1,A,10.41,5.13,1.31,1.74,2.09
Fiorentina,Napoli,3,4,A,4.73,3.67,1.76,1.78,2.04
Udinese,Milan,1,0,H,3.8,3.31,2.06,2.1,1.73
Cagliari,Brescia,0,1,A,1.82,3.6,4.45,1.99,1.82
Roma,Genoa,3,3,D,1.49,4.21,7.13,1.75,2.08
Sampdoria,Lazio,0,3,A,3.53,3.35,2.13,1.89,1.91
Spal,Atalanta,2,3,A,4.89,3.61,1.76,2.0,1.82
Torino,Sassuolo,2,1,H,1.89,3.46,4.32,1.99,1.82
Verona,Bologna,1,1,D,3.39,3.18,2.27,2.23,1.65
Inter,Lecce,4,0,H,1.23,6.1,13.23,1.56,2.41
Bologna,Spal,1,0,H,1.84,3.5,4.65,2.13,1.72
Milan,Brescia,1,0,H,1.48,4.18,7.48,1.83,1.98
Juventus,Napoli,4,3,H,1.98,3.35,4.13,2.05,1.77
Lazio,Roma,1,1,D,2.14,3.63,3.29,1.6,2.33
Atalanta,Torino,2,3,A,1.61,4.08,5.54,1.76,2.07
Cagliari,Inter,1,2,A,5.43,3.9,1.65,1.95,1.86
Genoa,Fiorentina,2,1,H,2.56,3.47,2.71,1.74,2.09
Lecce,Verona,0,1,A,1.92,3.59,4.05,1.94,1.87
Sassuolo,Sampdoria,4,1,H,2.27,3.49,3.12,1.73,2.11
Udinese,Parma,1,3,A,2.03,3.32,3.95,2.21,1.67
Fiorentina,Juventus,0,0,D,5.0,3.88,1.7,1.77,2.06
Napoli,Sampdoria,2,0,H,1.27,6.19,9.85,1.42,2.85
Inter,Udinese,1,0,H,1.33,5.29,9.27,1.67,2.21
Genoa,Atalanta,1,2,A,3.34,3.75,2.08,1.58,2.37
Brescia,Bologna,3,4,A,3.04,3.29,2.41,1.95,1.87
Parma,Cagliari,1,3,A,2.28,3.25,3.3,2.15,1.71
Spal,Lazio,2,1,H,5.55,4.07,1.61,1.77,2.06
Roma,Sassuolo,4,2,H,1.69,4.13,4.73,1.52,2.54
Verona,Milan,0,1,A,5.62,3.72,1.67,2.03,1.79
Torino,Lecce,1,2,A,1.5,4.31,6.82,1.81,2.01
Cagliari,Genoa,3,1,H,2.8,3.37,2.55,1.84,1.98
Udinese,Brescia,0,1,A,1.89,3.58,4.16,1.88,1.93
Juventus,Verona,2,1,H,1.15,7.74,20.29,1.57,2.4
Milan,Inter,0,2,A,3.37,3.2,2.27,2.11,1.73
Sassuolo,Spal,3,0,H,1.97,3.55,3.88,1.79,2.04
Bologna,Roma,1,2,A,2.81,3.57,2.42,1.6,2.33
Lecce,Napoli,1,4,A,8.81,5.18,1.35,1.56,2.42
Sampdoria,Torino,1,0,H,2.53,3.35,2.81,1.85,1.96
Atalanta,Fiorentina,2,2,D,2.02,3.69,3.55,1.58,2.38
Lazio,Parma,2,0,H,1.31,5.52,9.72,1.57,2.4
Verona,Udinese,0,0,D,2.56,3.18,2.92,2.13,1.72
Brescia,Juventus,1,2,A,6.33,4.0,1.57,1.89,1.94
Roma,Atalanta,0,2,A,2.25,3.72,2.98,1.44,2.76
Fiorentina,Sampdoria,2,1,H,1.7,4.04,4.73,1.68,2.19
Genoa,Bologna,0,0,D,2.37,3.52,2.91,1.68,2.2
Inter,Lazio,1,0,H,2.02,3.56,3.68,1.82,2.0
Napoli,Cagliari,0,1,A,1.2,7.02,13.29,1.37,3.08
Parma,Sassuolo,1,0,H,2.57,3.46,2.7,1.79,2.03
Spal,Lecce,1,3,A,1.97,3.57,3.83,1.76,2.07
Torino,Milan,2,1,H,2.46,3.21,3.02,2.11,1.73
Juventus,Spal,2,0,H,1.24,6.03,13.13,1.66,2.23
Sampdoria,Inter,1,3,A,5.15,3.92,1.67,1.76,2.08
Sassuolo,Atalanta,1,4,A,3.39,3.81,2.03,1.57,2.39
Napoli,Brescia,2,1,H,1.27,6.1,10.19,1.41,2.89
Lazio,Genoa,4,0,H,1.46,4.74,6.56,1.5,2.58
Lecce,Roma,0,1,A,4.34,3.98,1.76,1.48,2.64
Udinese,Bologna,1,0,H,2.87,3.26,2.53,2.03,1.8
Cagliari,Verona,1,1,D,2.08,3.35,3.72,2.17,1.69
Milan,Fiorentina,1,3,A,2.34,3.19,3.25,2.13,1.72
Parma,Torino,3,2,H,3.11,3.32,2.34,1.99,1.83
Spal,Parma,1,0,H,2.42,3.23,3.07,2.0,1.81
Verona,Sampdoria,2,0,H,2.47,3.3,2.93,1.92,1.89
Genoa,Milan,1,2,A,2.96,3.26,2.47,2.0,1.81
Fiorentina,Udinese,1,0,H,1.56,4.1,6.11,1.87,1.94
Atalanta,Lecce,3,1,H,1.28,6.09,9.64,1.42,2.86
Bologna,Lazio,2,2,D,3.31,3.7,2.1,1.68,2.19
Roma,Cagliari,1,1,D,1.45,4.71,6.77,1.5,2.57
Torino,Napoli,0,0,D,4.06,3.8,1.85,1.66,2.23
Inter,Juventus,1,2,A,2.63,3.14,2.84,2.15,1.71
Lazio,Atalanta,3,3,D,2.21,3.7,3.08,1.56,2.41
Napoli,Verona,2,0,H,1.21,6.66,14.08,1.5,2.58
Juventus,Bologna,2,1,H,1.33,5.11,10.07,1.66,2.23
Sassuolo,Inter,3,4,A,5.15,3.79,1.7,1.72,2.13
Cagliari,Spal,2,0,H,2.12,3.35,3.6,2.07,1.76
Sampdoria,Roma,0,0,D,3.28,3.54,2.17,1.65,2.24
Udinese,Torino,1,0,H,2.83,3.16,2.63,2.17,1.69
Parma,Genoa,5,1,H,2.51,3.21,2.95,2.02,1.81
Milan,Lecce,2,2,D,1.4,4.82,7.9,1.74,2.1
Brescia,Fiorentina,0,0,D,3.7,3.57,2.0,1.78,2.04
Verona,Sassuolo,0,1,A,2.44,3.27,3.02,1.95,1.87
Lecce,Juventus,1,1,D,9.07,5.15,1.34,1.6,2.34
Inter,Parma,2,2,D,1.27,5.74,11.41,1.56,2.41
Genoa,Brescia,3,1,H,1.89,3.79,3.93,1.7,2.15
Bologna,Sampdoria,2,1,H,1.91,3.66,3.96,1.81,2.01
Atalanta,Udinese,7,1,H,1.43,4.65,7.41,1.65,2.24
Spal,Napoli,1,1,D,7.28,4.71,1.43,1.6,2.34
Torino,Cagliari,1,1,D,1.81,3.7,4.42,1.93,1.88
Roma,Milan,2,1,H,2.19,3.47,3.27,1.76,2.07
Fiorentina,Lazio,1,2,A,2.46,3.51,2.8,1.73,2.12
Parma,Verona,0,1,A,2.71,3.11,2.81,2.14,1.72
Brescia,Inter,1,2,A,6.55,4.33,1.51,1.7,2.16
Napoli,Atalanta,2,2,D,2.03,3.74,3.46,1.51,2.56
Cagliari,Bologna,3,2,H,2.71,3.34,2.63,1.92,1.89
Juventus,Genoa,2,1,H,1.27,5.69,11.91,1.61,2.32
Lazio,Torino,4,0,H,1.56,4.16,5.94,1.72,2.13
Sampdoria,Lecce,1,1,D,1.73,3.82,4.76,1.8,2.02
Sassuolo,Fiorentina,1,2,A,2.81,3.45,2.48,1.75,2.08
Udinese,Roma,0,4,A,3.97,3.59,1.93,1.95,1.86
Milan,Spal,1,0,H,1.47,4.25,7.29,1.81,2.01
Roma,Napoli,2,1,H,2.69,3.58,2.52,1.62,2.29
Bologna,Inter,1,2,A,3.61,3.54,2.04,1.81,2.0
Torino,Juventus,0,1,A,6.57,4.04,1.54,1.95,1.86
Atalanta,Cagliari,0,2,A,1.31,5.59,9.56,1.41,2.87
Genoa,Udinese,1,3,A,1.93,3.5,4.07,2.04,1.79
Lecce,Sassuolo,2,2,D,2.76,3.32,2.58,1.83,1.98
Verona,Brescia,2,1,H,2.13,3.23,3.68,2.19,1.68
Fiorentina,Parma,1,1,D,1.5,4.37,6.46,1.7,2.15
Milan,Lazio,1,2,A,3.05,3.42,2.32,1.92,1.88
Spal,Sampdoria,0,1,A,2.62,3.24,2.77,2.06,1.76
Sassuolo,Bologna,3,1,H,2.73,3.45,2.57,1.69,2.19
Brescia,Torino,0,4,A,2.78,3.29,2.59,1.95,1.86
Inter,Verona,2,1,H,1.33,5.11,9.72,1.63,2.27
Napoli,Genoa,0,0,D,1.38,5.08,7.67,1.49,2.59
Cagliari,Fiorentina,5,2,H,2.86,3.32,2.5,1.94,1.87
Lazio,Lecce,4,2,H,1.24,6.45,11.03,1.36,3.14
Sampdoria,Atalanta,0,0,D,3.91,3.81,1.88,1.64,2.25
Udinese,Spal,0,0,D,2.12,3.23,3.72,2.08,1.75
Parma,Roma,2,0,H,3.97,3.72,1.89,1.72,2.12
Juventus,Milan,1,0,H,1.4,4.67,8.01,1.8,2.01
Atalanta,Juventus,1,3,A,2.72,3.41,2.55,1.77,2.05
Milan,Napoli,1,1,D,3.2,3.47,2.22,1.89,1.92
Torino,Inter,0,3,A,4.36,3.57,1.84,1.91,1.89
Bologna,Parma,2,2,D,1.78,3.82,4.4,1.83,1.98
Roma,Brescia,3,0,H,1.34,5.21,8.88,1.49,2.59
Sassuolo,Lazio,1,2,A,4.36,4.06,1.74,1.53,2.48
Verona,Fiorentina,1,0,H,3.26,3.23,2.29,2.08,1.75
Sampdoria,Udinese,2,1,H,2.13,3.23,3.63,2.32,1.61
Lecce,Cagliari,2,2,D,3.11,3.52,2.23,1.76,2.07
Spal,Genoa,1,1,D,2.55,3.21,2.86,2.1,1.73
Brescia,Atalanta,0,3,A,6.47,4.66,1.47,1.49,2.6
Genoa,Torino,0,1,A,2.42,3.3,2.98,1.99,1.82
Fiorentina,Lecce,0,1,A,1.42,4.74,7.26,1.5,2.56
Juventus,Sassuolo,2,2,D,1.23,6.3,12.33,1.51,2.54
Inter,Spal,2,1,H,1.26,5.77,11.86,1.61,2.3
Lazio,Udinese,3,0,H,1.3,5.42,10.0,1.51,2.52
Parma,Milan,0,1,A,3.55,3.33,2.13,1.99,1.82
Napoli,Bologna,1,2,A,1.48,4.5,6.56,1.56,2.41
Verona,Roma,1,3,A,4.28,3.57,1.86,1.89,1.92
Cagliari,Sampdoria,4,3,H,2.17,3.28,3.47,2.04,1.77
Inter,Roma,0,0,D,1.89,3.78,3.97,1.64,2.28
Atalanta,Verona,3,2,H,1.33,5.19,9.39,1.56,2.41
Udinese,Napoli,1,1,D,5.24,3.78,1.68,1.9,1.91
Lazio,Juventus,3,1,H,2.84,3.44,2.44,1.8,2.01
Lecce,Genoa,2,2,D,2.66,3.49,2.55,1.75,2.08
Sassuolo,Cagliari,2,2,D,2.4,3.48,2.87,1.7,2.15
Spal,Brescia,0,1,A,2.05,3.37,3.75,2.15,1.7
Torino,Fiorentina,2,1,H,2.46,3.2,3.0,2.08,1.74
Sampdoria,Parma,0,1,A,2.02,3.39,3.83,2.08,1.75
Bologna,Milan,2,3,A,2.94,3.37,2.41,1.86,1.94
Brescia,Lecce,3,0,H,2.02,3.72,3.52,1.69,2.16
Napoli,Parma,1,2,A,1.31,5.5,9.72,1.51,2.51
Genoa,Sampdoria,0,1,A,2.67,3.18,2.77,2.02,1.79
Verona,Torino,3,3,D,2.76,3.13,2.71,2.21,1.66
Bologna,Atalanta,2,1,H,3.69,3.89,1.91,1.55,2.42
Juventus,Udinese,3,1,H,1.22,6.25,14.04,1.61,2.3
Milan,Sassuolo,0,0,D,1.55,4.45,5.55,1.6,2.32
Roma,Spal,3,1,H,1.29,5.42,10.89,1.58,2.35
Fiorentina,Inter,1,1,D,3.6,3.49,2.05,1.86,1.94
Cagliari,Lazio,1,2,A,3.92,4.01,1.82,1.56,2.4
Sampdoria,Juventus,1,2,A,6.15,4.32,1.53,1.87,1.93
Brescia,Sassuolo,0,2,A,2.37,3.6,2.86,1.64,2.25
Fiorentina,Roma,1,4,A,3.09,3.48,2.3,1.77,2.05
Udinese,Cagliari,2,1,H,2.53,3.3,2.84,1.92,1.88
Inter,Genoa,4,0,H,1.35,4.94,9.17,1.64,2.24
Torino,Spal,1,2,A,1.7,3.68,5.26,2.0,1.8
Atalanta,Milan,5,0,H,1.8,3.79,4.32,1.66,2.22
Lecce,Bologna,2,3,A,3.21,3.65,2.15,1.58,2.36
Parma,Brescia,1,1,D,2.08,3.36,3.67,1.96,1.84
Sassuolo,Napoli,1,2,A,4.65,4.27,1.66,1.49,2.57
Ath Bilbao,Barcelona,1,0,H,5.07,3.81,1.71,1.79,2.05
Celta,Real Madrid,1,3,A,4.67,4.12,1.69,1.49,2.58
Valencia,Sociedad,1,1,D,1.68,3.8,5.29,2.07,1.77
Mallorca,Eibar,2,1,H,2.91,3.09,2.62,2.34,1.6
Leganes,Osasuna,0,1,A,2.06,3.18,4.02,2.59,1.49
Villarreal,Granada,4,4,D,1.61,3.95,5.8,1.84,1.98
Alaves,Levante,1,0,H,2.23,3.25,3.43,2.13,1.72
Espanol,Sevilla,0,2,A,3.08,3.41,2.33,1.92,1.89
Betis,Valladolid,1,2,A,1.64,3.76,5.78,2.13,1.72
Ath Madrid,Getafe,1,0,H,1.47,4.23,7.63,2.23,1.66
Granada,Sevilla,0,1,A,3.95,3.58,1.94,1.89,1.93
Levante,Villarreal,2,1,H,2.59,3.54,2.63,1.7,2.17
Osasuna,Eibar,0,0,D,2.53,3.12,2.99,2.29,1.63
Real Madrid,Valladolid,1,1,D,1.21,6.97,13.16,1.36,3.1
Celta,Valencia,1,0,H,3.17,3.45,2.26,1.89,1.92
Getafe,Ath Bilbao,1,1,D,2.61,2.94,3.06,2.84,1.42
Alaves,Espanol,0,0,D,2.52,3.18,2.97,2.47,1.55
Mallorca,Sociedad,0,1,A,3.02,3.23,2.44,2.08,1.75
Leganes,Ath Madrid,0,1,A,5.18,3.29,1.81,2.54,1.52
Barcelona,Betis,5,2,H,1.27,6.07,10.56,1.39,2.95
Sevilla,Celta,1,1,D,1.55,4.31,5.97,1.65,2.25
Ath Bilbao,Sociedad,2,0,H,2.33,3.07,3.45,2.45,1.56
Osasuna,Barcelona,2,2,D,9.52,4.86,1.36,1.73,2.11
Getafe,Alaves,1,1,D,1.77,3.34,5.55,2.74,1.45
Levante,Valladolid,2,0,H,2.01,3.56,3.74,1.85,1.96
Betis,Leganes,2,1,H,1.95,3.24,4.49,2.42,1.56
Valencia,Mallorca,2,0,H,1.41,4.63,8.14,1.75,2.09
Ath Madrid,Eibar,3,2,H,1.42,4.16,9.92,2.27,1.64
Espanol,Granada,0,3,A,2.1,3.2,3.92,2.29,1.63
Villarreal,Real Madrid,2,2,D,3.71,4.14,1.88,1.41,2.88
Mallorca,Ath Bilbao,0,0,D,3.65,3.02,2.28,2.69,1.46
Real Madrid,Levante,3,2,H,1.25,6.59,10.54,1.31,3.44
Leganes,Villarreal,0,3,A,2.51,3.15,3.04,2.33,1.61
Sociedad,Ath Madrid,2,0,H,3.73,3.15,2.17,2.46,1.55
Barcelona,Valencia,5,2,H,1.47,4.59,6.69,1.53,2.47
Eibar,Espanol,1,2,A,1.97,3.34,4.21,2.2,1.68
Alaves,Sevilla,0,1,A,4.23,3.37,1.95,2.27,1.64
Celta,Granada,0,2,A,1.84,3.64,4.4,1.99,1.83
Valladolid,Osasuna,1,1,D,2.23,3.05,3.73,2.53,1.52
Betis,Getafe,1,1,D,2.22,3.22,3.51,2.38,1.58
Osasuna,Betis,0,0,D,2.34,3.37,3.12,1.88,1.94
Villarreal,Valladolid,2,0,H,1.59,4.19,5.61,1.8,2.03
Levante,Eibar,0,0,D,2.26,3.51,3.12,1.76,2.08
Ath Madrid,Celta,0,0,D,1.42,4.35,8.61,2.0,1.82
Granada,Barcelona,2,0,H,9.24,5.44,1.32,1.55,2.46
Getafe,Mallorca,4,2,H,1.85,3.23,5.06,2.67,1.47
Espanol,Sociedad,1,3,A,2.94,3.25,2.5,2.32,1.61
Valencia,Leganes,1,1,D,1.59,3.9,6.16,2.16,1.7
Ath Bilbao,Alaves,2,0,H,1.65,3.61,6.16,2.53,1.52
Sevilla,Real Madrid,0,1,A,2.61,3.77,2.5,1.52,2.51
Valladolid,Granada,1,1,D,2.36,3.17,3.27,2.4,1.58
Betis,Levante,3,1,H,1.97,3.67,3.77,1.63,2.29
Barcelona,Villarreal,2,1,H,1.31,6.06,8.84,1.31,3.44
Leganes,Ath Bilbao,1,1,D,2.86,2.94,2.79,2.98,1.39
Mallorca,Ath Madrid,0,2,A,6.33,3.65,1.63,2.47,1.54
Valencia,Getafe,3,3,D,1.93,3.31,4.46,2.35,1.6
Real Madrid,Osasuna,2,0,H,1.24,6.45,11.19,1.43,2.79
Eibar,Sevilla,3,2,H,3.25,3.34,2.27,2.02,1.81
Celta,Espanol,1,1,D,1.85,3.64,4.33,2.05,1.78
Sociedad,Alaves,3,0,H,1.65,3.83,5.55,2.26,1.65
Villarreal,Betis,5,1,H,1.87,3.82,4.04,1.64,2.27
Ath Bilbao,Valencia,0,1,A,2.16,3.21,3.69,2.45,1.56
Getafe,Barcelona,0,2,A,4.38,3.44,1.89,1.96,1.86
Granada,Leganes,1,0,H,2.36,3.07,3.35,2.76,1.44
Ath Madrid,Real Madrid,0,0,D,2.41,3.33,3.0,1.98,1.84
Espanol,Valladolid,0,2,A,2.03,3.26,4.08,2.33,1.61
Eibar,Celta,2,0,H,2.36,3.3,3.13,2.03,1.8
Alaves,Mallorca,2,0,H,2.25,3.13,3.52,2.59,1.5
Levante,Osasuna,1,1,D,2.15,3.45,3.41,1.9,1.91
Sevilla,Sociedad,3,2,H,1.87,3.56,4.33,1.87,1.94
Betis,Eibar,1,1,D,2.02,3.62,3.68,1.84,1.99
Leganes,Levante,1,2,A,1.98,3.44,4.0,2.1,1.74
Real Madrid,Granada,4,2,H,1.3,5.78,9.42,1.45,2.73
Valencia,Alaves,2,1,H,1.52,4.1,6.81,2.11,1.74
Osasuna,Villarreal,2,1,H,2.99,3.28,2.45,2.05,1.78
Mallorca,Espanol,2,0,H,2.49,3.13,3.06,2.41,1.57
Celta,Ath Bilbao,1,0,H,2.7,3.04,2.87,2.5,1.53
Valladolid,Ath Madrid,0,0,D,5.36,3.52,1.74,2.32,1.61
Sociedad,Getafe,1,2,A,1.9,3.36,4.46,2.44,1.56
Barcelona,Sevilla,4,0,H,1.51,4.46,6.19,1.55,2.44
Granada,Osasuna,1,0,H,2.4,3.01,3.38,2.62,1.48
Eibar,Barcelona,0,3,A,5.8,4.5,1.53,1.54,2.45
Ath Madrid,Valencia,1,1,D,1.61,3.87,5.95,2.09,1.74
Getafe,Leganes,2,0,H,1.84,3.21,5.17,2.85,1.42
Mallorca,Real Madrid,1,0,H,6.26,4.34,1.52,1.6,2.33
Alaves,Celta,2,0,H,2.96,3.0,2.65,2.66,1.47
Sociedad,Betis,3,1,H,1.76,3.88,4.5,1.65,2.25
Espanol,Villarreal,0,1,A,3.04,3.4,2.36,1.97,1.85
Ath Bilbao,Valladolid,1,1,D,1.69,3.46,6.03,2.57,1.5
Sevilla,Levante,1,0,H,1.33,5.53,8.64,1.44,2.76
Villarreal,Alaves,4,1,H,1.52,4.25,6.58,1.88,1.93
Leganes,Mallorca,1,0,H,1.85,3.39,4.79,2.57,1.51
Valladolid,Eibar,2,0,H,2.42,3.12,3.17,2.43,1.56
Ath Madrid,Ath Bilbao,2,0,H,1.74,3.37,5.73,2.7,1.46
Celta,Sociedad,0,1,A,2.84,3.29,2.54,1.95,1.86
Granada,Betis,1,0,H,2.5,3.33,2.87,2.04,1.79
Levante,Espanol,0,1,A,2.19,3.4,3.38,1.9,1.91
Sevilla,Getafe,2,0,H,1.73,3.62,5.22,2.2,1.68
Osasuna,Valencia,3,1,H,2.78,3.17,2.68,2.22,1.66
Alaves,Ath Madrid,1,1,D,6.12,3.45,1.69,2.71,1.46
Barcelona,Valladolid,5,1,H,1.13,9.03,19.44,1.34,3.22
Sociedad,Levante,1,2,A,1.5,4.55,6.21,1.51,2.53
Valencia,Sevilla,1,1,D,2.84,3.38,2.5,1.95,1.86
Ath Bilbao,Espanol,3,0,H,1.91,3.19,4.76,2.66,1.47
Betis,Celta,2,1,H,2.07,3.47,3.63,1.88,1.93
Real Madrid,Leganes,5,0,H,1.27,5.87,11.5,1.58,2.38
Eibar,Villarreal,2,1,H,2.73,3.42,2.56,1.85,1.96
Mallorca,Osasuna,2,2,D,2.53,3.01,3.1,2.59,1.49
Getafe,Granada,3,1,H,1.92,3.25,4.57,2.62,1.49
Espanol,Valencia,1,2,A,2.77,3.21,2.68,2.14,1.72
Levante,Barcelona,3,1,H,8.36,5.92,1.32,1.37,3.06
Sevilla,Ath Madrid,1,1,D,2.39,3.14,3.24,2.49,1.54
Real Madrid,Betis,0,0,D,1.28,6.27,9.58,1.34,3.24
Valladolid,Mallorca,3,0,H,2.07,3.29,3.86,2.47,1.54
Villarreal,Ath Bilbao,0,0,D,1.88,3.5,4.36,2.07,1.76
Osasuna,Alaves,4,2,H,2.08,3.04,4.25,2.65,1.47
Celta,Getafe,0,1,A,2.57,3.05,3.02,2.41,1.56
Leganes,Eibar,1,2,A,2.32,3.17,3.32,2.51,1.52
Granada,Sociedad,1,2,A,3.05,3.17,2.47,2.36,1.59
Sociedad,Leganes,1,1,D,1.84,3.34,4.95,2.29,1.63
Alaves,Valladolid,3,0,H,2.4,3.02,3.34,2.65,1.47
Valencia,Granada,2,0,H,1.67,3.63,5.87,2.27,1.64
Eibar,Real Madrid,0,4,A,5.48,4.13,1.6,1.62,2.29
Barcelona,Celta,4,1,H,1.21,6.93,13.22,1.41,2.86
Mallorca,Villarreal,3,1,H,3.35,3.45,2.17,1.93,1.89
Ath Bilbao,Levante,2,1,H,1.69,3.77,5.18,1.94,1.88
Ath Madrid,Espanol,3,1,H,1.46,4.02,8.64,2.38,1.58
Getafe,Osasuna,0,0,D,1.95,3.26,4.35,2.52,1.52
Betis,Sevilla,1,2,A,3.4,3.44,2.15,1.8,2.02
Levante,Mallorca,2,1,H,1.77,3.77,4.64,1.84,1.98
Leganes,Barcelona,1,2,A,6.98,4.46,1.47,1.72,2.11
Betis,Valencia,2,1,H,2.41,3.4,2.93,1.78,2.04
Granada,Ath Madrid,1,1,D,4.89,3.1,1.92,2.76,1.44
Real Madrid,Sociedad,3,1,H,1.37,5.4,7.42,1.4,2.91
Espanol,Getafe,1,1,D,2.77,2.94,2.85,2.74,1.45
Osasuna,Ath Bilbao,1,2,A,2.61,2.98,3.01,2.58,1.5
Eibar,Alaves,0,2,A,1.85,3.4,4.65,2.14,1.71
Villarreal,Celta,1,3,A,1.77,3.87,4.41,1.73,2.11
Valladolid,Sevilla,0,1,A,4.14,3.59,1.89,2.02,1.8
Celta,Valladolid,0,0,D,1.74,3.62,5.13,2.18,1.69
Alaves,Real Madrid,1,2,A,6.03,4.44,1.52,1.64,2.24
Sociedad,Eibar,4,1,H,1.71,3.84,4.93,1.9,1.91
Mallorca,Betis,1,2,A,2.66,3.33,2.68,1.98,1.83
Valencia,Villarreal,2,1,H,2.38,3.43,2.96,1.77,2.06
Sevilla,Leganes,1,0,H,1.53,4.01,6.86,2.13,1.72
Ath Bilbao,Granada,2,0,H,1.71,3.42,5.85,2.59,1.5
Espanol,Osasuna,2,4,A,2.21,3.23,3.49,2.33,1.6
Getafe,Levante,4,0,H,1.68,3.77,5.32,2.02,1.8
Ath Madrid,Barcelona,0,1,A,2.79,3.24,2.61,2.12,1.73
Villarreal,Ath Madrid,0,0,D,3.52,3.29,2.19,2.21,1.67
Real Madrid,Espanol,2,0,H,1.2,7.06,14.13,1.42,2.81
Granada,Alaves,3,0,H,2.24,3.06,3.65,2.59,1.5
Levante,Valencia,2,4,A,3.05,3.76,2.2,1.62,2.3
Barcelona,Mallorca,5,2,H,1.12,9.16,21.61,1.34,3.21
Eibar,Getafe,0,1,A,2.77,2.98,2.83,2.58,1.49
Betis,Ath Bilbao,3,2,H,2.33,3.24,3.21,2.18,1.68
Valladolid,Sociedad,0,0,D,3.27,3.22,2.31,2.3,1.62
Leganes,Celta,3,2,H,2.35,3.09,3.34,2.59,1.5
Osasuna,Sevilla,1,1,D,3.44,3.38,2.16,1.97,1.84
Alaves,Leganes,1,1,D,2.53,2.95,3.2,2.74,1.44
Granada,Levante,1,2,A,2.01,3.55,3.73,1.92,1.89
Sociedad,Barcelona,2,2,D,4.76,4.24,1.67,1.53,2.49
Ath Bilbao,Eibar,0,0,D,1.7,3.58,5.52,2.31,1.61
Ath Madrid,Osasuna,2,0,H,1.4,4.27,10.06,2.18,1.68
Getafe,Valladolid,2,0,H,1.65,3.58,6.07,2.59,1.5
Celta,Mallorca,2,2,D,1.69,3.76,5.22,2.08,1.75
Espanol,Betis,2,2,D,2.57,3.36,2.76,1.95,1.85
Sevilla,Villarreal,1,2,A,1.69,4.07,4.78,1.65,2.23
Valencia,Real Madrid,1,1,D,3.75,3.91,1.9,1.57,2.39
Barcelona,Real Madrid,0,0,D,1.74,4.16,4.3,1.46,2.68
Eibar,Granada,3,0,H,2.09,3.21,3.94,2.46,1.55
Mallorca,Sevilla,0,2,A,4.95,3.89,1.7,1.89,1.92
Barcelona,Alaves,4,1,H,1.15,8.35,18.61,1.36,3.08
Villarreal,Getafe,1,0,H,2.22,3.18,3.53,2.26,1.64
Valladolid,Valencia,1,1,D,3.49,3.28,2.18,2.19,1.68
Leganes,Espanol,2,0,H,2.12,3.09,3.93,2.74,1.44
Osasuna,Sociedad,3,4,A,2.8,3.29,2.58,2.02,1.79
Betis,Ath Madrid,1,2,A,3.82,3.33,2.06,2.14,1.71
Levante,Celta,3,1,H,2.62,3.49,2.6,1.72,2.1
Real Madrid,Ath Bilbao,0,0,D,1.35,5.12,8.61,1.63,2.24
